,patient_id,age,chronic_condition,wait_time_min,length_of_stay_days,procedures_count,medication_count,complications,total_cost_€,satisfaction_score
count,2400.0,2400.0,2400.0,2400.0,2400.0,2400.0,2400.0,2400.0,2400.0,2400.0
mean,1492.435,52.940416666666664,0.40125,33.30125,3.5229166666666667,2.43375,3.4120833333333334,0.15791666666666668,2766.7166666666667,2.805
std,871.3949020907488,20.67401644717542,0.49025359023959175,17.099605170234412,2.029661210231243,1.5981787062644617,1.8858028612685656,0.3647388436478666,1082.2135328159486,0.8340252789349131
min,1.0,18.0,0.0,5.0,1.0,0.0,0.0,0.0,750.0,1.0
25%,734.75,35.0,0.0,20.0,2.0,1.0,2.0,0.0,1900.0,2.0
50%,1497.5,53.0,0.0,33.0,3.0,2.0,3.0,0.0,2660.0,3.0
75%,2254.25,70.0,1.0,45.0,5.0,3.0,5.0,0.0,3475.0,3.0
max,3000.0,89.0,1.0,94.0,11.0,10.0,11.0,1.0,6610.0,5.0
